		p	p_id	p_name	p_charge	p_formula	p_kegg
h2o	cpd_h2o	0.9999472032623282	0.0005017605633802816	0.7516733067729083	0.004011865271752999	0.6446583143507973	0.0008362676056338028
